Capacity, 149789
NumReadings, 1000
AppendMode, 1
TimestampResolution, 0.000001
BaseTimestamp, 1424265029.122865
Reading Number, Reading, Measure Function, Measure Range, Status
1, 4.081979e-07, Current, 1e-06, 12
2, 1.901557e-07, Current, 1e-06, 12
3, 1.90721e-07, Current, 1e-06, 12
4, 1.905036e-07, Current, 1e-06, 12
5, 1.934172e-07, Current, 1e-06, 12
6, 1.948087e-07, Current, 1e-06, 12
7, 1.965047e-07, Current, 1e-06, 12
8, 1.949828e-07, Current, 1e-06, 12
9, 1.946783e-07, Current, 1e-06, 12
10, 1.956785e-07, Current, 1e-06, 12
11, 1.946783e-07, Current, 1e-06, 12
12, 1.922431e-07, Current, 1e-06, 12
13, 1.896339e-07, Current, 1e-06, 12
14, 1.92417e-07, Current, 1e-06, 12
15, 1.907646e-07, Current, 1e-06, 12
16, 1.892425e-07, Current, 1e-06, 12
17, 1.882857e-07, Current, 1e-06, 12
18, 1.887206e-07, Current, 1e-06, 12
19, 1.881988e-07, Current, 1e-06, 12
20, 1.867203e-07, Current, 1e-06, 12
21, 1.851982e-07, Current, 1e-06, 12
22, 1.865028e-07, Current, 1e-06, 12
23, 1.877639e-07, Current, 1e-06, 12
24, 1.906775e-07, Current, 1e-06, 12
25, 1.936346e-07, Current, 1e-06, 12
26, 1.964612e-07, Current, 1e-06, 12
27, 1.945044e-07, Current, 1e-06, 12
28, 1.922865e-07, Current, 1e-06, 12
29, 1.945913e-07, Current, 1e-06, 12
30, 1.924605e-07, Current, 1e-06, 12
31, 1.918082e-07, Current, 1e-06, 12
32, 1.927649e-07, Current, 1e-06, 12
33, 1.88938e-07, Current, 1e-06, 12
34, 1.90721e-07, Current, 1e-06, 12
35, 1.912428e-07, Current, 1e-06, 12
36, 1.901557e-07, Current, 1e-06, 12
37, 1.901557e-07, Current, 1e-06, 12
38, 1.891121e-07, Current, 1e-06, 12
39, 1.864158e-07, Current, 1e-06, 12
40, 1.863724e-07, Current, 1e-06, 12
41, 1.859809e-07, Current, 1e-06, 12
42, 1.884598e-07, Current, 1e-06, 12
43, 1.878074e-07, Current, 1e-06, 12
44, 1.892425e-07, Current, 1e-06, 12
45, 1.906775e-07, Current, 1e-06, 12
46, 1.928953e-07, Current, 1e-06, 12
47, 1.926345e-07, Current, 1e-06, 12
48, 1.955916e-07, Current, 1e-06, 12
49, 1.908079e-07, Current, 1e-06, 12
50, 1.928953e-07, Current, 1e-06, 12
51, 1.931562e-07, Current, 1e-06, 12
52, 1.902426e-07, Current, 1e-06, 12
53, 1.921996e-07, Current, 1e-06, 12
54, 1.909385e-07, Current, 1e-06, 12
55, 1.917647e-07, Current, 1e-06, 12
56, 1.921561e-07, Current, 1e-06, 12
57, 1.901991e-07, Current, 1e-06, 12
58, 1.886337e-07, Current, 1e-06, 12
59, 1.905905e-07, Current, 1e-06, 12
60, 1.928519e-07, Current, 1e-06, 12
61, 1.887206e-07, Current, 1e-06, 12
62, 1.845024e-07, Current, 1e-06, 12
63, 1.868942e-07, Current, 1e-06, 12
64, 1.850678e-07, Current, 1e-06, 12
65, 1.849372e-07, Current, 1e-06, 12
66, 1.918951e-07, Current, 1e-06, 12
67, 1.899817e-07, Current, 1e-06, 12
68, 1.911994e-07, Current, 1e-06, 12
69, 1.931998e-07, Current, 1e-06, 12
70, 1.95461e-07, Current, 1e-06, 12
71, 1.920257e-07, Current, 1e-06, 12
72, 1.935042e-07, Current, 1e-06, 12
73, 1.947653e-07, Current, 1e-06, 12
74, 1.929823e-07, Current, 1e-06, 12
75, 1.911994e-07, Current, 1e-06, 12
76, 1.935476e-07, Current, 1e-06, 12
77, 1.883727e-07, Current, 1e-06, 12
78, 1.881118e-07, Current, 1e-06, 12
79, 1.893729e-07, Current, 1e-06, 12
80, 1.884162e-07, Current, 1e-06, 12
81, 1.902426e-07, Current, 1e-06, 12
82, 1.88938e-07, Current, 1e-06, 12
83, 1.872855e-07, Current, 1e-06, 12
84, 1.867203e-07, Current, 1e-06, 12
85, 1.833718e-07, Current, 1e-06, 12
86, 1.877204e-07, Current, 1e-06, 12
87, 1.89199e-07, Current, 1e-06, 12
88, 1.907646e-07, Current, 1e-06, 12
89, 1.94113e-07, Current, 1e-06, 12
90, 1.943305e-07, Current, 1e-06, 12
91, 1.970701e-07, Current, 1e-06, 12
92, 1.942434e-07, Current, 1e-06, 12
93, 1.935911e-07, Current, 1e-06, 12
94, 1.955045e-07, Current, 1e-06, 12
95, 1.95809e-07, Current, 1e-06, 12
96, 1.955481e-07, Current, 1e-06, 12
97, 1.94113e-07, Current, 1e-06, 12
98, 1.928519e-07, Current, 1e-06, 12
99, 1.974615e-07, Current, 1e-06, 12
100, 1.987661e-07, Current, 1e-06, 12
101, 2.010709e-07, Current, 1e-06, 12
102, 1.992879e-07, Current, 1e-06, 12
103, 1.997228e-07, Current, 1e-06, 12
104, 2.002445e-07, Current, 1e-06, 12
105, 2.003316e-07, Current, 1e-06, 12
106, 1.993749e-07, Current, 1e-06, 12
107, 1.968527e-07, Current, 1e-06, 12
108, 1.942869e-07, Current, 1e-06, 12
109, 1.946348e-07, Current, 1e-06, 12
110, 1.972005e-07, Current, 1e-06, 12
111, 1.932433e-07, Current, 1e-06, 12
112, 1.938086e-07, Current, 1e-06, 12
113, 1.945044e-07, Current, 1e-06, 12
114, 1.925909e-07, Current, 1e-06, 12
115, 1.920691e-07, Current, 1e-06, 12
116, 1.9233e-07, Current, 1e-06, 12
117, 1.905036e-07, Current, 1e-06, 12
118, 1.929388e-07, Current, 1e-06, 12
119, 1.968527e-07, Current, 1e-06, 12
120, 2.014623e-07, Current, 1e-06, 12
121, 2.039845e-07, Current, 1e-06, 12
122, 2.041584e-07, Current, 1e-06, 12
123, 1.998098e-07, Current, 1e-06, 12
124, 1.997663e-07, Current, 1e-06, 12
125, 2.002445e-07, Current, 1e-06, 12
126, 1.990269e-07, Current, 1e-06, 12
127, 1.984181e-07, Current, 1e-06, 12
128, 1.998098e-07, Current, 1e-06, 12
129, 1.98853e-07, Current, 1e-06, 12
130, 1.950697e-07, Current, 1e-06, 12
131, 1.961569e-07, Current, 1e-06, 12
132, 1.979398e-07, Current, 1e-06, 12
133, 1.97244e-07, Current, 1e-06, 12
134, 1.941564e-07, Current, 1e-06, 12
135, 1.949393e-07, Current, 1e-06, 12
136, 1.919822e-07, Current, 1e-06, 12
137, 1.921996e-07, Current, 1e-06, 12
138, 1.927214e-07, Current, 1e-06, 12
139, 1.945479e-07, Current, 1e-06, 12
140, 1.976789e-07, Current, 1e-06, 12
141, 2.003316e-07, Current, 1e-06, 12
142, 2.012882e-07, Current, 1e-06, 12
143, 1.989834e-07, Current, 1e-06, 12
144, 2.030712e-07, Current, 1e-06, 12
145, 1.987226e-07, Current, 1e-06, 12
146, 1.979398e-07, Current, 1e-06, 12
147, 1.983746e-07, Current, 1e-06, 12
148, 2.009839e-07, Current, 1e-06, 12
149, 1.985487e-07, Current, 1e-06, 12
150, 1.973309e-07, Current, 1e-06, 12
151, 1.982007e-07, Current, 1e-06, 12
152, 1.976789e-07, Current, 1e-06, 12
153, 1.970266e-07, Current, 1e-06, 12
154, 1.951132e-07, Current, 1e-06, 12
155, 1.964178e-07, Current, 1e-06, 12
156, 1.943738e-07, Current, 1e-06, 12
157, 1.922431e-07, Current, 1e-06, 12
158, 1.94113e-07, Current, 1e-06, 12
159, 1.931127e-07, Current, 1e-06, 12
160, 1.990269e-07, Current, 1e-06, 12
161, 1.999837e-07, Current, 1e-06, 12
162, 2.032452e-07, Current, 1e-06, 12
163, 2.032452e-07, Current, 1e-06, 12
164, 2.024189e-07, Current, 1e-06, 12
165, 2.028973e-07, Current, 1e-06, 12
166, 1.999837e-07, Current, 1e-06, 12
167, 1.999402e-07, Current, 1e-06, 12
168, 2.003751e-07, Current, 1e-06, 12
169, 1.996792e-07, Current, 1e-06, 12
170, 1.985921e-07, Current, 1e-06, 12
171, 1.982007e-07, Current, 1e-06, 12
172, 1.960264e-07, Current, 1e-06, 12
173, 1.980703e-07, Current, 1e-06, 12
174, 1.950262e-07, Current, 1e-06, 12
175, 1.961133e-07, Current, 1e-06, 12
176, 1.948522e-07, Current, 1e-06, 12
177, 1.941999e-07, Current, 1e-06, 12
178, 1.948957e-07, Current, 1e-06, 12
179, 1.965482e-07, Current, 1e-06, 12
180, 2.012013e-07, Current, 1e-06, 12
181, 2.021146e-07, Current, 1e-06, 12
182, 2.025928e-07, Current, 1e-06, 12
183, 2.061588e-07, Current, 1e-06, 12
184, 2.005055e-07, Current, 1e-06, 12
185, 2.00462e-07, Current, 1e-06, 12
186, 2.014623e-07, Current, 1e-06, 12
187, 2.000271e-07, Current, 1e-06, 12
188, 2.046802e-07, Current, 1e-06, 12
189, 2.02158e-07, Current, 1e-06, 12
190, 2.00462e-07, Current, 1e-06, 12
191, 1.996792e-07, Current, 1e-06, 12
192, 1.972876e-07, Current, 1e-06, 12
193, 1.984181e-07, Current, 1e-06, 12
194, 2.018971e-07, Current, 1e-06, 12
195, 1.97505e-07, Current, 1e-06, 12
196, 1.953741e-07, Current, 1e-06, 12
197, 1.956785e-07, Current, 1e-06, 12
198, 1.952871e-07, Current, 1e-06, 12
199, 1.970266e-07, Current, 1e-06, 12
200, 1.971135e-07, Current, 1e-06, 12
201, 2.019841e-07, Current, 1e-06, 12
202, 2.026799e-07, Current, 1e-06, 12
203, 2.043759e-07, Current, 1e-06, 12
204, 2.040714e-07, Current, 1e-06, 12
205, 2.033757e-07, Current, 1e-06, 12
206, 2.007665e-07, Current, 1e-06, 12
207, 2.026799e-07, Current, 1e-06, 12
208, 2.019405e-07, Current, 1e-06, 12
209, 2.032017e-07, Current, 1e-06, 12
210, 2.019841e-07, Current, 1e-06, 12
211, 2.001141e-07, Current, 1e-06, 12
212, 1.99114e-07, Current, 1e-06, 12
213, 2.011143e-07, Current, 1e-06, 12
214, 1.982442e-07, Current, 1e-06, 12
215, 2.011578e-07, Current, 1e-06, 12
216, 1.992009e-07, Current, 1e-06, 12
217, 1.977223e-07, Current, 1e-06, 12
218, 1.969396e-07, Current, 1e-06, 12
219, 1.924605e-07, Current, 1e-06, 12
220, 1.969396e-07, Current, 1e-06, 12
221, 1.97157e-07, Current, 1e-06, 12
222, 1.995923e-07, Current, 1e-06, 12
223, 2.032452e-07, Current, 1e-06, 12
224, 2.034191e-07, Current, 1e-06, 12
225, 2.037235e-07, Current, 1e-06, 12
226, 2.031148e-07, Current, 1e-06, 12
227, 2.025493e-07, Current, 1e-06, 12
228, 2.03854e-07, Current, 1e-06, 12
229, 2.035061e-07, Current, 1e-06, 12
230, 2.027668e-07, Current, 1e-06, 12
231, 2.049412e-07, Current, 1e-06, 12
232, 2.007665e-07, Current, 1e-06, 12
233, 2.0081e-07, Current, 1e-06, 12
234, 2.012013e-07, Current, 1e-06, 12
235, 1.980268e-07, Current, 1e-06, 12
236, 1.995053e-07, Current, 1e-06, 12
237, 1.964612e-07, Current, 1e-06, 12
238, 1.968961e-07, Current, 1e-06, 12
239, 1.965047e-07, Current, 1e-06, 12
240, 1.978964e-07, Current, 1e-06, 12
241, 1.967222e-07, Current, 1e-06, 12
242, 1.990269e-07, Current, 1e-06, 12
243, 2.012013e-07, Current, 1e-06, 12
244, 2.041149e-07, Current, 1e-06, 12
245, 2.032887e-07, Current, 1e-06, 12
246, 2.052021e-07, Current, 1e-06, 12
247, 2.062023e-07, Current, 1e-06, 12
248, 2.070285e-07, Current, 1e-06, 12
249, 2.031583e-07, Current, 1e-06, 12
250, 2.05376e-07, Current, 1e-06, 12
251, 2.031583e-07, Current, 1e-06, 12
252, 2.025928e-07, Current, 1e-06, 12
253, 1.997228e-07, Current, 1e-06, 12
254, 1.996357e-07, Current, 1e-06, 12
255, 2.011143e-07, Current, 1e-06, 12
256, 2.002445e-07, Current, 1e-06, 12
257, 2.002881e-07, Current, 1e-06, 12
258, 2.023754e-07, Current, 1e-06, 12
259, 1.992444e-07, Current, 1e-06, 12
260, 2.003751e-07, Current, 1e-06, 12
261, 1.985487e-07, Current, 1e-06, 12
262, 1.979398e-07, Current, 1e-06, 12
263, 2.00462e-07, Current, 1e-06, 12
264, 2.000271e-07, Current, 1e-06, 12
265, 2.027668e-07, Current, 1e-06, 12
266, 2.032887e-07, Current, 1e-06, 12
267, 2.058109e-07, Current, 1e-06, 12
268, 2.062023e-07, Current, 1e-06, 12
269, 2.056805e-07, Current, 1e-06, 12
270, 2.039845e-07, Current, 1e-06, 12
271, 2.058109e-07, Current, 1e-06, 12
272, 2.065936e-07, Current, 1e-06, 12
273, 2.043759e-07, Current, 1e-06, 12
274, 2.032452e-07, Current, 1e-06, 12
275, 2.031583e-07, Current, 1e-06, 12
276, 2.001576e-07, Current, 1e-06, 12
277, 2.032017e-07, Current, 1e-06, 12
278, 1.990269e-07, Current, 1e-06, 12
279, 1.975484e-07, Current, 1e-06, 12
280, 1.978529e-07, Current, 1e-06, 12
281, 2.015927e-07, Current, 1e-06, 12
282, 1.983746e-07, Current, 1e-06, 12
283, 1.998098e-07, Current, 1e-06, 12
284, 1.990269e-07, Current, 1e-06, 12
285, 1.988965e-07, Current, 1e-06, 12
286, 2.051586e-07, Current, 1e-06, 12
287, 2.051586e-07, Current, 1e-06, 12
288, 2.066371e-07, Current, 1e-06, 12
289, 2.08768e-07, Current, 1e-06, 12
290, 2.065501e-07, Current, 1e-06, 12
291, 2.080722e-07, Current, 1e-06, 12
292, 2.055935e-07, Current, 1e-06, 12
293, 2.047237e-07, Current, 1e-06, 12
294, 2.041584e-07, Current, 1e-06, 12
295, 2.055935e-07, Current, 1e-06, 12
296, 2.019841e-07, Current, 1e-06, 12
297, 2.024624e-07, Current, 1e-06, 12
298, 2.021146e-07, Current, 1e-06, 12
299, 1.999837e-07, Current, 1e-06, 12
300, 1.99114e-07, Current, 1e-06, 12
301, 2.015492e-07, Current, 1e-06, 12
302, 2.001141e-07, Current, 1e-06, 12
303, 1.995923e-07, Current, 1e-06, 12
304, 1.998967e-07, Current, 1e-06, 12
305, 1.998967e-07, Current, 1e-06, 12
306, 1.991575e-07, Current, 1e-06, 12
307, 2.02245e-07, Current, 1e-06, 12
308, 2.076808e-07, Current, 1e-06, 12
309, 2.0842e-07, Current, 1e-06, 12
310, 2.080722e-07, Current, 1e-06, 12
311, 2.066807e-07, Current, 1e-06, 12
312, 2.075069e-07, Current, 1e-06, 12
313, 2.048107e-07, Current, 1e-06, 12
314, 2.046802e-07, Current, 1e-06, 12
315, 2.074634e-07, Current, 1e-06, 12
316, 2.058544e-07, Current, 1e-06, 12
317, 2.063327e-07, Current, 1e-06, 12
318, 2.018536e-07, Current, 1e-06, 12
319, 2.02332e-07, Current, 1e-06, 12
320, 2.020276e-07, Current, 1e-06, 12
321, 2.018101e-07, Current, 1e-06, 12
322, 2.021146e-07, Current, 1e-06, 12
323, 2.043759e-07, Current, 1e-06, 12
324, 1.985921e-07, Current, 1e-06, 12
325, 1.975484e-07, Current, 1e-06, 12
326, 1.98853e-07, Current, 1e-06, 12
327, 1.992444e-07, Current, 1e-06, 12
328, 2.011578e-07, Current, 1e-06, 12
329, 2.035061e-07, Current, 1e-06, 12
330, 2.064632e-07, Current, 1e-06, 12
331, 2.100726e-07, Current, 1e-06, 12
332, 2.098117e-07, Current, 1e-06, 12
333, 2.083331e-07, Current, 1e-06, 12
334, 2.09029e-07, Current, 1e-06, 12
335, 2.097682e-07, Current, 1e-06, 12
336, 2.092029e-07, Current, 1e-06, 12
337, 2.085941e-07, Current, 1e-06, 12
338, 2.042453e-07, Current, 1e-06, 12
339, 2.029408e-07, Current, 1e-06, 12
340, 2.044628e-07, Current, 1e-06, 12
341, 2.048976e-07, Current, 1e-06, 12
342, 2.047237e-07, Current, 1e-06, 12
343, 2.042888e-07, Current, 1e-06, 12
344, 2.042888e-07, Current, 1e-06, 12
345, 2.015057e-07, Current, 1e-06, 12
346, 2.00636e-07, Current, 1e-06, 12
347, 2.007229e-07, Current, 1e-06, 12
348, 1.981138e-07, Current, 1e-06, 12
349, 2.019841e-07, Current, 1e-06, 12
350, 2.025928e-07, Current, 1e-06, 12
351, 2.083331e-07, Current, 1e-06, 12
352, 2.09029e-07, Current, 1e-06, 12
353, 2.078548e-07, Current, 1e-06, 12
354, 2.096811e-07, Current, 1e-06, 12
355, 2.074199e-07, Current, 1e-06, 12
356, 2.057674e-07, Current, 1e-06, 12
357, 2.063762e-07, Current, 1e-06, 12
358, 2.081157e-07, Current, 1e-06, 12
359, 2.076808e-07, Current, 1e-06, 12
360, 2.0555e-07, Current, 1e-06, 12
361, 2.043324e-07, Current, 1e-06, 12
362, 2.031583e-07, Current, 1e-06, 12
363, 2.042019e-07, Current, 1e-06, 12
364, 2.018536e-07, Current, 1e-06, 12
365, 2.017666e-07, Current, 1e-06, 12
366, 1.992879e-07, Current, 1e-06, 12
367, 2.012882e-07, Current, 1e-06, 12
368, 2.035061e-07, Current, 1e-06, 12
369, 1.977223e-07, Current, 1e-06, 12
370, 1.999837e-07, Current, 1e-06, 12
371, 2.078112e-07, Current, 1e-06, 12
372, 2.115946e-07, Current, 1e-06, 12
373, 2.115512e-07, Current, 1e-06, 12
374, 2.091159e-07, Current, 1e-06, 12
375, 2.069416e-07, Current, 1e-06, 12
376, 2.0842e-07, Current, 1e-06, 12
377, 2.100726e-07, Current, 1e-06, 12
378, 2.042019e-07, Current, 1e-06, 12
379, 2.058544e-07, Current, 1e-06, 12
380, 2.062893e-07, Current, 1e-06, 12
381, 2.048107e-07, Current, 1e-06, 12
382, 2.068111e-07, Current, 1e-06, 12
383, 2.058979e-07, Current, 1e-06, 12
384, 2.02245e-07, Current, 1e-06, 12
385, 2.043759e-07, Current, 1e-06, 12
386, 2.021146e-07, Current, 1e-06, 12
387, 2.0368e-07, Current, 1e-06, 12
388, 2.034626e-07, Current, 1e-06, 12
389, 1.996792e-07, Current, 1e-06, 12
390, 2.023754e-07, Current, 1e-06, 12
391, 2.048107e-07, Current, 1e-06, 12
392, 2.076808e-07, Current, 1e-06, 12
393, 2.092898e-07, Current, 1e-06, 12
394, 2.088115e-07, Current, 1e-06, 12
395, 2.074634e-07, Current, 1e-06, 12
396, 2.11812e-07, Current, 1e-06, 12
397, 2.098117e-07, Current, 1e-06, 12
398, 2.076373e-07, Current, 1e-06, 12
399, 2.082027e-07, Current, 1e-06, 12
400, 2.042019e-07, Current, 1e-06, 12
401, 2.077678e-07, Current, 1e-06, 12
402, 2.043759e-07, Current, 1e-06, 12
403, 2.055935e-07, Current, 1e-06, 12
404, 2.03941e-07, Current, 1e-06, 12
405, 2.045933e-07, Current, 1e-06, 12
406, 2.031583e-07, Current, 1e-06, 12
407, 2.033322e-07, Current, 1e-06, 12
408, 1.995923e-07, Current, 1e-06, 12
409, 2.005055e-07, Current, 1e-06, 12
410, 2.014623e-07, Current, 1e-06, 12
411, 2.027668e-07, Current, 1e-06, 12
412, 2.046802e-07, Current, 1e-06, 12
413, 2.067242e-07, Current, 1e-06, 12
414, 2.073764e-07, Current, 1e-06, 12
415, 2.091159e-07, Current, 1e-06, 12
416, 2.141603e-07, Current, 1e-06, 12
417, 2.124208e-07, Current, 1e-06, 12
418, 2.099421e-07, Current, 1e-06, 12
419, 2.083766e-07, Current, 1e-06, 12
420, 2.101595e-07, Current, 1e-06, 12
421, 2.107683e-07, Current, 1e-06, 12
422, 2.080722e-07, Current, 1e-06, 12
423, 2.08768e-07, Current, 1e-06, 12
424, 2.074199e-07, Current, 1e-06, 12
425, 2.06985e-07, Current, 1e-06, 12
426, 2.058979e-07, Current, 1e-06, 12
427, 2.042453e-07, Current, 1e-06, 12
428, 2.045063e-07, Current, 1e-06, 12
429, 2.072895e-07, Current, 1e-06, 12
430, 2.062458e-07, Current, 1e-06, 12
431, 2.028538e-07, Current, 1e-06, 12
432, 2.047237e-07, Current, 1e-06, 12
433, 1.978529e-07, Current, 1e-06, 12
434, 2.047672e-07, Current, 1e-06, 12
435, 2.080287e-07, Current, 1e-06, 12
436, 2.088984e-07, Current, 1e-06, 12
437, 2.108554e-07, Current, 1e-06, 12
438, 2.118555e-07, Current, 1e-06, 12
439, 2.127688e-07, Current, 1e-06, 12
440, 2.121165e-07, Current, 1e-06, 12
441, 2.145082e-07, Current, 1e-06, 12
442, 2.111597e-07, Current, 1e-06, 12
443, 2.076808e-07, Current, 1e-06, 12
444, 2.074634e-07, Current, 1e-06, 12
445, 2.083331e-07, Current, 1e-06, 12
446, 2.076373e-07, Current, 1e-06, 12
447, 2.070285e-07, Current, 1e-06, 12
448, 2.079418e-07, Current, 1e-06, 12
449, 2.045933e-07, Current, 1e-06, 12
450, 2.061588e-07, Current, 1e-06, 12
451, 2.033322e-07, Current, 1e-06, 12
452, 2.0368e-07, Current, 1e-06, 12
453, 2.012013e-07, Current, 1e-06, 12
454, 2.026364e-07, Current, 1e-06, 12
455, 2.019841e-07, Current, 1e-06, 12
456, 2.079418e-07, Current, 1e-06, 12
457, 2.112467e-07, Current, 1e-06, 12
458, 2.083766e-07, Current, 1e-06, 12
459, 2.105075e-07, Current, 1e-06, 12
460, 2.100726e-07, Current, 1e-06, 12
461, 2.125949e-07, Current, 1e-06, 12
462, 2.099856e-07, Current, 1e-06, 12
463, 2.102031e-07, Current, 1e-06, 12
464, 2.081592e-07, Current, 1e-06, 12
465, 2.092464e-07, Current, 1e-06, 12
466, 2.090724e-07, Current, 1e-06, 12
467, 2.104205e-07, Current, 1e-06, 12
468, 2.059413e-07, Current, 1e-06, 12
469, 2.053325e-07, Current, 1e-06, 12
470, 2.094203e-07, Current, 1e-06, 12
471, 2.055064e-07, Current, 1e-06, 12
472, 2.048976e-07, Current, 1e-06, 12
473, 2.041149e-07, Current, 1e-06, 12
474, 2.052021e-07, Current, 1e-06, 12
475, 2.030712e-07, Current, 1e-06, 12
476, 2.038105e-07, Current, 1e-06, 12
477, 2.045933e-07, Current, 1e-06, 12
478, 2.081157e-07, Current, 1e-06, 12
479, 2.080722e-07, Current, 1e-06, 12
480, 2.114642e-07, Current, 1e-06, 12
481, 2.106814e-07, Current, 1e-06, 12
482, 2.101595e-07, Current, 1e-06, 12
483, 2.11899e-07, Current, 1e-06, 12
484, 2.101595e-07, Current, 1e-06, 12
485, 2.136385e-07, Current, 1e-06, 12
486, 2.106814e-07, Current, 1e-06, 12
487, 2.107683e-07, Current, 1e-06, 12
488, 2.107249e-07, Current, 1e-06, 12
489, 2.068111e-07, Current, 1e-06, 12
490, 2.057674e-07, Current, 1e-06, 12
491, 2.064197e-07, Current, 1e-06, 12
492, 2.049847e-07, Current, 1e-06, 12
493, 2.072024e-07, Current, 1e-06, 12
494, 2.034191e-07, Current, 1e-06, 12
495, 2.05289e-07, Current, 1e-06, 12
496, 2.062458e-07, Current, 1e-06, 12
497, 2.023754e-07, Current, 1e-06, 12
498, 2.055935e-07, Current, 1e-06, 12
499, 2.105509e-07, Current, 1e-06, 12
500, 2.095942e-07, Current, 1e-06, 12
501, 2.145082e-07, Current, 1e-06, 12
502, 2.123774e-07, Current, 1e-06, 12
503, 2.160302e-07, Current, 1e-06, 12
504, 2.112032e-07, Current, 1e-06, 12
505, 2.147691e-07, Current, 1e-06, 12
506, 2.10464e-07, Current, 1e-06, 12
507, 2.075938e-07, Current, 1e-06, 12
508, 2.136385e-07, Current, 1e-06, 12
509, 2.098552e-07, Current, 1e-06, 12
510, 2.122904e-07, Current, 1e-06, 12
511, 2.092464e-07, Current, 1e-06, 12
512, 2.046368e-07, Current, 1e-06, 12
513, 2.071155e-07, Current, 1e-06, 12
514, 2.093768e-07, Current, 1e-06, 12
515, 2.056805e-07, Current, 1e-06, 12
516, 2.045063e-07, Current, 1e-06, 12
517, 2.06985e-07, Current, 1e-06, 12
518, 2.038975e-07, Current, 1e-06, 12
519, 2.051151e-07, Current, 1e-06, 12
520, 2.054195e-07, Current, 1e-06, 12
521, 2.097247e-07, Current, 1e-06, 12
522, 2.106379e-07, Current, 1e-06, 12
523, 2.145517e-07, Current, 1e-06, 12
524, 2.11899e-07, Current, 1e-06, 12
525, 2.123774e-07, Current, 1e-06, 12
526, 2.092898e-07, Current, 1e-06, 12
527, 2.104205e-07, Current, 1e-06, 12
528, 2.123339e-07, Current, 1e-06, 12
529, 2.098117e-07, Current, 1e-06, 12
530, 2.118555e-07, Current, 1e-06, 12
531, 2.106814e-07, Current, 1e-06, 12
532, 2.072024e-07, Current, 1e-06, 12
533, 2.057674e-07, Current, 1e-06, 12
534, 2.076808e-07, Current, 1e-06, 12
535, 2.072024e-07, Current, 1e-06, 12
536, 2.058979e-07, Current, 1e-06, 12
537, 2.062458e-07, Current, 1e-06, 12
538, 2.031583e-07, Current, 1e-06, 12
539, 2.027234e-07, Current, 1e-06, 12
540, 2.066371e-07, Current, 1e-06, 12
541, 2.062893e-07, Current, 1e-06, 12
542, 2.060283e-07, Current, 1e-06, 12
543, 2.103335e-07, Current, 1e-06, 12
544, 2.134211e-07, Current, 1e-06, 12
545, 2.134211e-07, Current, 1e-06, 12
546, 2.111163e-07, Current, 1e-06, 12
547, 2.123774e-07, Current, 1e-06, 12
548, 2.114207e-07, Current, 1e-06, 12
549, 2.122469e-07, Current, 1e-06, 12
550, 2.084635e-07, Current, 1e-06, 12
551, 2.104205e-07, Current, 1e-06, 12
552, 2.139429e-07, Current, 1e-06, 12
553, 2.094638e-07, Current, 1e-06, 12
554, 2.109858e-07, Current, 1e-06, 12
555, 2.095507e-07, Current, 1e-06, 12
556, 2.083331e-07, Current, 1e-06, 12
557, 2.081157e-07, Current, 1e-06, 12
558, 2.071589e-07, Current, 1e-06, 12
559, 2.066807e-07, Current, 1e-06, 12
560, 2.056805e-07, Current, 1e-06, 12
561, 2.045498e-07, Current, 1e-06, 12
562, 2.066807e-07, Current, 1e-06, 12
563, 2.062023e-07, Current, 1e-06, 12
564, 2.107249e-07, Current, 1e-06, 12
565, 2.126383e-07, Current, 1e-06, 12
566, 2.134645e-07, Current, 1e-06, 12
567, 2.162477e-07, Current, 1e-06, 12
568, 2.119425e-07, Current, 1e-06, 12
569, 2.13595e-07, Current, 1e-06, 12
570, 2.126383e-07, Current, 1e-06, 12
571, 2.107683e-07, Current, 1e-06, 12
572, 2.100726e-07, Current, 1e-06, 12
573, 2.142038e-07, Current, 1e-06, 12
574, 2.115946e-07, Current, 1e-06, 12
575, 2.095507e-07, Current, 1e-06, 12
576, 2.082461e-07, Current, 1e-06, 12
577, 2.078983e-07, Current, 1e-06, 12
578, 2.072459e-07, Current, 1e-06, 12
579, 2.079853e-07, Current, 1e-06, 12
580, 2.062893e-07, Current, 1e-06, 12
581, 2.057674e-07, Current, 1e-06, 12
582, 2.058544e-07, Current, 1e-06, 12
583, 2.054195e-07, Current, 1e-06, 12
584, 2.107249e-07, Current, 1e-06, 12
585, 2.119425e-07, Current, 1e-06, 12
586, 2.145517e-07, Current, 1e-06, 12
587, 2.148126e-07, Current, 1e-06, 12
588, 2.165086e-07, Current, 1e-06, 12
589, 2.11812e-07, Current, 1e-06, 12
590, 2.155954e-07, Current, 1e-06, 12
591, 2.127253e-07, Current, 1e-06, 12
592, 2.115077e-07, Current, 1e-06, 12
593, 2.097247e-07, Current, 1e-06, 12
594, 2.088115e-07, Current, 1e-06, 12
595, 2.102031e-07, Current, 1e-06, 12
596, 2.088549e-07, Current, 1e-06, 12
597, 2.096378e-07, Current, 1e-06, 12
598, 2.097247e-07, Current, 1e-06, 12
599, 2.119425e-07, Current, 1e-06, 12
600, 2.110728e-07, Current, 1e-06, 12
601, 2.072895e-07, Current, 1e-06, 12
602, 2.058109e-07, Current, 1e-06, 12
603, 2.105075e-07, Current, 1e-06, 12
604, 2.05376e-07, Current, 1e-06, 12
605, 2.10377e-07, Current, 1e-06, 12
606, 2.114642e-07, Current, 1e-06, 12
607, 2.145082e-07, Current, 1e-06, 12
608, 2.15465e-07, Current, 1e-06, 12
609, 2.168565e-07, Current, 1e-06, 12
610, 2.132471e-07, Current, 1e-06, 12
611, 2.142474e-07, Current, 1e-06, 12
612, 2.159867e-07, Current, 1e-06, 12
613, 2.125078e-07, Current, 1e-06, 12
614, 2.13508e-07, Current, 1e-06, 12
615, 2.131602e-07, Current, 1e-06, 12
616, 2.13856e-07, Current, 1e-06, 12
617, 2.10116e-07, Current, 1e-06, 12
618, 2.11899e-07, Current, 1e-06, 12
619, 2.092464e-07, Current, 1e-06, 12
620, 2.108118e-07, Current, 1e-06, 12
621, 2.075938e-07, Current, 1e-06, 12
622, 2.081592e-07, Current, 1e-06, 12
623, 2.093768e-07, Current, 1e-06, 12
624, 2.052456e-07, Current, 1e-06, 12
625, 2.064197e-07, Current, 1e-06, 12
626, 2.077678e-07, Current, 1e-06, 12
627, 2.088549e-07, Current, 1e-06, 12
628, 2.145952e-07, Current, 1e-06, 12
629, 2.131166e-07, Current, 1e-06, 12
630, 2.124208e-07, Current, 1e-06, 12
631, 2.164651e-07, Current, 1e-06, 12
632, 2.170304e-07, Current, 1e-06, 12
633, 2.166826e-07, Current, 1e-06, 12
634, 2.142038e-07, Current, 1e-06, 12
635, 2.113338e-07, Current, 1e-06, 12
636, 2.132906e-07, Current, 1e-06, 12
637, 2.110728e-07, Current, 1e-06, 12
638, 2.102466e-07, Current, 1e-06, 12
639, 2.098552e-07, Current, 1e-06, 12
640, 2.092029e-07, Current, 1e-06, 12
641, 2.078983e-07, Current, 1e-06, 12
642, 2.10464e-07, Current, 1e-06, 12
643, 2.127253e-07, Current, 1e-06, 12
644, 2.102031e-07, Current, 1e-06, 12
645, 2.078112e-07, Current, 1e-06, 12
646, 2.062458e-07, Current, 1e-06, 12
647, 2.074634e-07, Current, 1e-06, 12
648, 2.051151e-07, Current, 1e-06, 12
649, 2.102901e-07, Current, 1e-06, 12
650, 2.140299e-07, Current, 1e-06, 12
651, 2.174653e-07, Current, 1e-06, 12
652, 2.138125e-07, Current, 1e-06, 12
653, 2.132471e-07, Current, 1e-06, 12
654, 2.188134e-07, Current, 1e-06, 12
655, 2.146822e-07, Current, 1e-06, 12
656, 2.135515e-07, Current, 1e-06, 12
657, 2.107683e-07, Current, 1e-06, 12
658, 2.130297e-07, Current, 1e-06, 12
659, 2.126383e-07, Current, 1e-06, 12
660, 2.124208e-07, Current, 1e-06, 12
661, 2.10116e-07, Current, 1e-06, 12
662, 2.134211e-07, Current, 1e-06, 12
663, 2.115077e-07, Current, 1e-06, 12
664, 2.067676e-07, Current, 1e-06, 12
665, 2.127253e-07, Current, 1e-06, 12
666, 2.080287e-07, Current, 1e-06, 12
667, 2.081157e-07, Current, 1e-06, 12
668, 2.041149e-07, Current, 1e-06, 12
669, 2.085071e-07, Current, 1e-06, 12
670, 2.075938e-07, Current, 1e-06, 12
671, 2.106379e-07, Current, 1e-06, 12
672, 2.128123e-07, Current, 1e-06, 12
673, 2.176393e-07, Current, 1e-06, 12
674, 2.167261e-07, Current, 1e-06, 12
675, 2.157693e-07, Current, 1e-06, 12
676, 2.176827e-07, Current, 1e-06, 12
677, 2.141168e-07, Current, 1e-06, 12
678, 2.16813e-07, Current, 1e-06, 12
679, 2.159433e-07, Current, 1e-06, 12
680, 2.151171e-07, Current, 1e-06, 12
681, 2.140299e-07, Current, 1e-06, 12
682, 2.128123e-07, Current, 1e-06, 12
683, 2.11812e-07, Current, 1e-06, 12
684, 2.108118e-07, Current, 1e-06, 12
685, 2.085071e-07, Current, 1e-06, 12
686, 2.10116e-07, Current, 1e-06, 12
687, 2.119859e-07, Current, 1e-06, 12
688, 2.083766e-07, Current, 1e-06, 12
689, 2.05376e-07, Current, 1e-06, 12
690, 2.059848e-07, Current, 1e-06, 12
691, 2.078983e-07, Current, 1e-06, 12
692, 2.11812e-07, Current, 1e-06, 12
693, 2.133341e-07, Current, 1e-06, 12
694, 2.147256e-07, Current, 1e-06, 12
695, 2.150301e-07, Current, 1e-06, 12
696, 2.184656e-07, Current, 1e-06, 12
697, 2.142474e-07, Current, 1e-06, 12
698, 2.157693e-07, Current, 1e-06, 12
699, 2.156824e-07, Current, 1e-06, 12
700, 2.131166e-07, Current, 1e-06, 12
701, 2.116816e-07, Current, 1e-06, 12
702, 2.125949e-07, Current, 1e-06, 12
703, 2.119859e-07, Current, 1e-06, 12
704, 2.104205e-07, Current, 1e-06, 12
705, 2.124643e-07, Current, 1e-06, 12
706, 2.112467e-07, Current, 1e-06, 12
707, 2.087245e-07, Current, 1e-06, 12
708, 2.08768e-07, Current, 1e-06, 12
709, 2.082896e-07, Current, 1e-06, 12
710, 2.097247e-07, Current, 1e-06, 12
711, 2.053325e-07, Current, 1e-06, 12
712, 2.088549e-07, Current, 1e-06, 12
713, 2.0842e-07, Current, 1e-06, 12
714, 2.128123e-07, Current, 1e-06, 12
715, 2.16639e-07, Current, 1e-06, 12
716, 2.161173e-07, Current, 1e-06, 12
717, 2.169435e-07, Current, 1e-06, 12
718, 2.141603e-07, Current, 1e-06, 12
719, 2.205094e-07, Current, 1e-06, 12
720, 2.162912e-07, Current, 1e-06, 12
721, 2.144213e-07, Current, 1e-06, 12
722, 2.125078e-07, Current, 1e-06, 12
723, 2.139429e-07, Current, 1e-06, 12
724, 2.138994e-07, Current, 1e-06, 12
725, 2.13595e-07, Current, 1e-06, 12
726, 2.155085e-07, Current, 1e-06, 12
727, 2.083766e-07, Current, 1e-06, 12
728, 2.111163e-07, Current, 1e-06, 12
729, 2.088984e-07, Current, 1e-06, 12
730, 2.066807e-07, Current, 1e-06, 12
731, 2.111163e-07, Current, 1e-06, 12
732, 2.092464e-07, Current, 1e-06, 12
733, 2.097247e-07, Current, 1e-06, 12
734, 2.079418e-07, Current, 1e-06, 12
735, 2.112902e-07, Current, 1e-06, 12
736, 2.149866e-07, Current, 1e-06, 12
737, 2.155954e-07, Current, 1e-06, 12
738, 2.143778e-07, Current, 1e-06, 12
739, 2.165521e-07, Current, 1e-06, 12
740, 2.177262e-07, Current, 1e-06, 12
741, 2.147691e-07, Current, 1e-06, 12
742, 2.153345e-07, Current, 1e-06, 12
743, 2.142474e-07, Current, 1e-06, 12
744, 2.181611e-07, Current, 1e-06, 12
745, 2.147256e-07, Current, 1e-06, 12
746, 2.126818e-07, Current, 1e-06, 12
747, 2.120295e-07, Current, 1e-06, 12
748, 2.11899e-07, Current, 1e-06, 12
749, 2.111597e-07, Current, 1e-06, 12
750, 2.127253e-07, Current, 1e-06, 12
751, 2.109423e-07, Current, 1e-06, 12
752, 2.10377e-07, Current, 1e-06, 12
753, 2.080722e-07, Current, 1e-06, 12
754, 2.078983e-07, Current, 1e-06, 12
755, 2.072459e-07, Current, 1e-06, 12
756, 2.089419e-07, Current, 1e-06, 12
757, 2.136819e-07, Current, 1e-06, 12
758, 2.140299e-07, Current, 1e-06, 12
759, 2.159867e-07, Current, 1e-06, 12
760, 2.200745e-07, Current, 1e-06, 12
761, 2.18509e-07, Current, 1e-06, 12
762, 2.148997e-07, Current, 1e-06, 12
763, 2.153345e-07, Current, 1e-06, 12
764, 2.170304e-07, Current, 1e-06, 12
765, 2.154214e-07, Current, 1e-06, 12
766, 2.149866e-07, Current, 1e-06, 12
767, 2.134211e-07, Current, 1e-06, 12
768, 2.125949e-07, Current, 1e-06, 12
769, 2.124643e-07, Current, 1e-06, 12
770, 2.117686e-07, Current, 1e-06, 12
771, 2.119425e-07, Current, 1e-06, 12
772, 2.128992e-07, Current, 1e-06, 12
773, 2.107249e-07, Current, 1e-06, 12
774, 2.066807e-07, Current, 1e-06, 12
775, 2.095507e-07, Current, 1e-06, 12
776, 2.072024e-07, Current, 1e-06, 12
777, 2.085506e-07, Current, 1e-06, 12
778, 2.10464e-07, Current, 1e-06, 12
779, 2.165957e-07, Current, 1e-06, 12
780, 2.175958e-07, Current, 1e-06, 12
781, 2.143778e-07, Current, 1e-06, 12
782, 2.178133e-07, Current, 1e-06, 12
783, 2.154214e-07, Current, 1e-06, 12
784, 2.194222e-07, Current, 1e-06, 12
785, 2.138125e-07, Current, 1e-06, 12
786, 2.128123e-07, Current, 1e-06, 12
787, 2.136385e-07, Current, 1e-06, 12
788, 2.116381e-07, Current, 1e-06, 12
789, 2.129427e-07, Current, 1e-06, 12
790, 2.107683e-07, Current, 1e-06, 12
791, 2.123339e-07, Current, 1e-06, 12
792, 2.141603e-07, Current, 1e-06, 12
793, 2.092898e-07, Current, 1e-06, 12
794, 2.112902e-07, Current, 1e-06, 12
795, 2.133341e-07, Current, 1e-06, 12
796, 2.075504e-07, Current, 1e-06, 12
797, 2.064632e-07, Current, 1e-06, 12
798, 2.105509e-07, Current, 1e-06, 12
799, 2.144648e-07, Current, 1e-06, 12
800, 2.13595e-07, Current, 1e-06, 12
801, 2.155085e-07, Current, 1e-06, 12
802, 2.15204e-07, Current, 1e-06, 12
803, 2.187264e-07, Current, 1e-06, 12
804, 2.165521e-07, Current, 1e-06, 12
805, 2.161608e-07, Current, 1e-06, 12
806, 2.134645e-07, Current, 1e-06, 12
807, 2.158998e-07, Current, 1e-06, 12
808, 2.128557e-07, Current, 1e-06, 12
809, 2.138994e-07, Current, 1e-06, 12
810, 2.135515e-07, Current, 1e-06, 12
811, 2.107249e-07, Current, 1e-06, 12
812, 2.142474e-07, Current, 1e-06, 12
813, 2.130297e-07, Current, 1e-06, 12
814, 2.105075e-07, Current, 1e-06, 12
815, 2.143342e-07, Current, 1e-06, 12
816, 2.108554e-07, Current, 1e-06, 12
817, 2.111597e-07, Current, 1e-06, 12
818, 2.100726e-07, Current, 1e-06, 12
819, 2.0842e-07, Current, 1e-06, 12
820, 2.136385e-07, Current, 1e-06, 12
821, 2.119859e-07, Current, 1e-06, 12
822, 2.171609e-07, Current, 1e-06, 12
823, 2.18509e-07, Current, 1e-06, 12
824, 2.20292e-07, Current, 1e-06, 12
825, 2.153779e-07, Current, 1e-06, 12
826, 2.163347e-07, Current, 1e-06, 12
827, 2.195092e-07, Current, 1e-06, 12
828, 2.169435e-07, Current, 1e-06, 12
829, 2.13856e-07, Current, 1e-06, 12
830, 2.11899e-07, Current, 1e-06, 12
831, 2.146822e-07, Current, 1e-06, 12
832, 2.119859e-07, Current, 1e-06, 12
833, 2.108989e-07, Current, 1e-06, 12
834, 2.129862e-07, Current, 1e-06, 12
835, 2.10116e-07, Current, 1e-06, 12
836, 2.100726e-07, Current, 1e-06, 12
837, 2.11812e-07, Current, 1e-06, 12
838, 2.100726e-07, Current, 1e-06, 12
839, 2.105944e-07, Current, 1e-06, 12
840, 2.095072e-07, Current, 1e-06, 12
841, 2.085506e-07, Current, 1e-06, 12
842, 2.116381e-07, Current, 1e-06, 12
843, 2.157259e-07, Current, 1e-06, 12
844, 2.208573e-07, Current, 1e-06, 12
845, 2.207268e-07, Current, 1e-06, 12
846, 2.186395e-07, Current, 1e-06, 12
847, 2.169435e-07, Current, 1e-06, 12
848, 2.158128e-07, Current, 1e-06, 12
849, 2.169e-07, Current, 1e-06, 12
850, 2.175088e-07, Current, 1e-06, 12
851, 2.148561e-07, Current, 1e-06, 12
852, 2.15204e-07, Current, 1e-06, 12
853, 2.134645e-07, Current, 1e-06, 12
854, 2.105075e-07, Current, 1e-06, 12
855, 2.150301e-07, Current, 1e-06, 12
856, 2.11812e-07, Current, 1e-06, 12
857, 2.097682e-07, Current, 1e-06, 12
858, 2.136385e-07, Current, 1e-06, 12
859, 2.136819e-07, Current, 1e-06, 12
860, 2.079853e-07, Current, 1e-06, 12
861, 2.115077e-07, Current, 1e-06, 12
862, 2.097247e-07, Current, 1e-06, 12
863, 2.094203e-07, Current, 1e-06, 12
864, 2.131166e-07, Current, 1e-06, 12
865, 2.167261e-07, Current, 1e-06, 12
866, 2.192048e-07, Current, 1e-06, 12
867, 2.165086e-07, Current, 1e-06, 12
868, 2.207704e-07, Current, 1e-06, 12
869, 2.181176e-07, Current, 1e-06, 12
870, 2.195961e-07, Current, 1e-06, 12
871, 2.171174e-07, Current, 1e-06, 12
872, 2.155085e-07, Current, 1e-06, 12
873, 2.174219e-07, Current, 1e-06, 12
874, 2.147256e-07, Current, 1e-06, 12
875, 2.140734e-07, Current, 1e-06, 12
876, 2.142038e-07, Current, 1e-06, 12
877, 2.110728e-07, Current, 1e-06, 12
878, 2.153345e-07, Current, 1e-06, 12
879, 2.142474e-07, Current, 1e-06, 12
880, 2.11812e-07, Current, 1e-06, 12
881, 2.127688e-07, Current, 1e-06, 12
882, 2.100726e-07, Current, 1e-06, 12
883, 2.078112e-07, Current, 1e-06, 12
884, 2.094203e-07, Current, 1e-06, 12
885, 2.103335e-07, Current, 1e-06, 12
886, 2.115946e-07, Current, 1e-06, 12
887, 2.155954e-07, Current, 1e-06, 12
888, 2.155519e-07, Current, 1e-06, 12
889, 2.207704e-07, Current, 1e-06, 12
890, 2.177697e-07, Current, 1e-06, 12
891, 2.142908e-07, Current, 1e-06, 12
892, 2.180307e-07, Current, 1e-06, 12
893, 2.151605e-07, Current, 1e-06, 12
894, 2.155954e-07, Current, 1e-06, 12
895, 2.144648e-07, Current, 1e-06, 12
896, 2.169e-07, Current, 1e-06, 12
897, 2.16987e-07, Current, 1e-06, 12
898, 2.142474e-07, Current, 1e-06, 12
899, 2.127253e-07, Current, 1e-06, 12
900, 2.130297e-07, Current, 1e-06, 12
901, 2.115946e-07, Current, 1e-06, 12
902, 2.133341e-07, Current, 1e-06, 12
903, 2.086375e-07, Current, 1e-06, 12
904, 2.104205e-07, Current, 1e-06, 12
905, 2.115512e-07, Current, 1e-06, 12
906, 2.110728e-07, Current, 1e-06, 12
907, 2.110293e-07, Current, 1e-06, 12
908, 2.127688e-07, Current, 1e-06, 12
909, 2.163782e-07, Current, 1e-06, 12
910, 2.198571e-07, Current, 1e-06, 12
911, 2.174653e-07, Current, 1e-06, 12
912, 2.155954e-07, Current, 1e-06, 12
913, 2.195526e-07, Current, 1e-06, 12
914, 2.147691e-07, Current, 1e-06, 12
915, 2.165957e-07, Current, 1e-06, 12
916, 2.142908e-07, Current, 1e-06, 12
917, 2.125949e-07, Current, 1e-06, 12
918, 2.142038e-07, Current, 1e-06, 12
919, 2.124643e-07, Current, 1e-06, 12
920, 2.127253e-07, Current, 1e-06, 12
921, 2.128123e-07, Current, 1e-06, 12
922, 2.099421e-07, Current, 1e-06, 12
923, 2.121165e-07, Current, 1e-06, 12
924, 2.082896e-07, Current, 1e-06, 12
925, 2.099421e-07, Current, 1e-06, 12
926, 2.112032e-07, Current, 1e-06, 12
927, 2.050716e-07, Current, 1e-06, 12
928, 2.099421e-07, Current, 1e-06, 12
929, 2.144213e-07, Current, 1e-06, 12
930, 2.165957e-07, Current, 1e-06, 12
931, 2.163347e-07, Current, 1e-06, 12
932, 2.197267e-07, Current, 1e-06, 12
933, 2.2164e-07, Current, 1e-06, 12
934, 2.184221e-07, Current, 1e-06, 12
935, 2.180307e-07, Current, 1e-06, 12
936, 2.170304e-07, Current, 1e-06, 12
937, 2.143778e-07, Current, 1e-06, 12
938, 2.182915e-07, Current, 1e-06, 12
939, 2.178133e-07, Current, 1e-06, 12
940, 2.142038e-07, Current, 1e-06, 12
941, 2.128557e-07, Current, 1e-06, 12
942, 2.128992e-07, Current, 1e-06, 12
943, 2.135515e-07, Current, 1e-06, 12
944, 2.140299e-07, Current, 1e-06, 12
945, 2.076808e-07, Current, 1e-06, 12
946, 2.117686e-07, Current, 1e-06, 12
947, 2.117686e-07, Current, 1e-06, 12
948, 2.099421e-07, Current, 1e-06, 12
949, 2.095507e-07, Current, 1e-06, 12
950, 2.098552e-07, Current, 1e-06, 12
951, 2.115077e-07, Current, 1e-06, 12
952, 2.157259e-07, Current, 1e-06, 12
953, 2.182046e-07, Current, 1e-06, 12
954, 2.182915e-07, Current, 1e-06, 12
955, 2.196397e-07, Current, 1e-06, 12
956, 2.173349e-07, Current, 1e-06, 12
957, 2.172044e-07, Current, 1e-06, 12
958, 2.165957e-07, Current, 1e-06, 12
959, 2.179872e-07, Current, 1e-06, 12
960, 2.146387e-07, Current, 1e-06, 12
961, 2.172478e-07, Current, 1e-06, 12
962, 2.144213e-07, Current, 1e-06, 12
963, 2.16987e-07, Current, 1e-06, 12
964, 2.132906e-07, Current, 1e-06, 12
965, 2.128992e-07, Current, 1e-06, 12
966, 2.146387e-07, Current, 1e-06, 12
967, 2.121165e-07, Current, 1e-06, 12
968, 2.105509e-07, Current, 1e-06, 12
969, 2.103335e-07, Current, 1e-06, 12
970, 2.105509e-07, Current, 1e-06, 12
971, 2.099421e-07, Current, 1e-06, 12
972, 2.096811e-07, Current, 1e-06, 12
973, 2.153779e-07, Current, 1e-06, 12
974, 2.162912e-07, Current, 1e-06, 12
975, 2.175523e-07, Current, 1e-06, 12
976, 2.167261e-07, Current, 1e-06, 12
977, 2.196397e-07, Current, 1e-06, 12
978, 2.204224e-07, Current, 1e-06, 12
979, 2.182046e-07, Current, 1e-06, 12
980, 2.15204e-07, Current, 1e-06, 12
981, 2.175523e-07, Current, 1e-06, 12
982, 2.157259e-07, Current, 1e-06, 12
983, 2.149431e-07, Current, 1e-06, 12
984, 2.12073e-07, Current, 1e-06, 12
985, 2.143778e-07, Current, 1e-06, 12
986, 2.143342e-07, Current, 1e-06, 12
987, 2.105509e-07, Current, 1e-06, 12
988, 2.136819e-07, Current, 1e-06, 12
989, 2.150301e-07, Current, 1e-06, 12
990, 2.108554e-07, Current, 1e-06, 12
991, 2.120295e-07, Current, 1e-06, 12
992, 2.108989e-07, Current, 1e-06, 12
993, 2.118555e-07, Current, 1e-06, 12
994, 2.149431e-07, Current, 1e-06, 12
995, 2.157693e-07, Current, 1e-06, 12
996, 2.169e-07, Current, 1e-06, 12
997, 2.181611e-07, Current, 1e-06, 12
998, 2.199875e-07, Current, 1e-06, 12
999, 2.173349e-07, Current, 1e-06, 12
1000, 2.203355e-07, Current, 1e-06, 12
